Order_ID,Date,Product,Category,Quantity,Unit_Price,City,Sales_Channel,Revenue
1,2026-02-22,Monitor,Electronics,2.0,12572.0,Coimbatore,Store,25144.0
2,2026-01-18,Laptop,Electronics,7.0,47082.0,Bengaluru,Store,329574.0
3,2026-06-09,Headphones,Accessories,4.0,1053.0,Bengaluru,Store,4212.0
4,2026-05-26,Tablet,Electronics,2.0,18338.0,Chennai,Online,36676.0
5,2026-04-23,Keyboard,Accessories,2.0,3762.0,Chennai,Online,7524.0
6,2026-08-21,Monitor,Electronics,4.0,17108.0,Hyderabad,Store,68432.0
7,2026-03-18,Tablet,Electronics,6.0,29496.0,Coimbatore,Store,176976.0
8,2026-04-27,Smartphone,Electronics,8.0,32691.0,Delhi,Online,261528.0
9,2026-08-05,Headphones,Accessories,5.0,2741.0,Hyderabad,Store,13705.0
10,2026-09-16,Smartphone,Electronics,5.0,43077.0,Chennai,Online,215385.0
11,2026-07-20,Laptop,Electronics,3.0,86120.0,Mumbai,Store,258360.0
12,2026-06-04,Tablet,Electronics,1.0,19507.0,Hyderabad,Online,19507.0
13,2026-02-28,Smartphone,Electronics,8.0,62323.0,Coimbatore,Online,498584.0
14,2026-06-16,Monitor,Electronics,4.0,27626.0,Chennai,Online,110504.0
15,2026-08-27,Tablet,Electronics,5.0,27785.0,Chennai,Store,138925.0
16,2026-09-25,Smartphone,Electronics,3.0,46148.0,Coimbatore,Store,138444.0
17,2026-04-08,Monitor,Electronics,5.0,11965.0,Chennai,Online,59825.0
18,2026-02-02,Laptop,Electronics,4.0,83564.0,Hyderabad,Online,334256.0
19,2026-08-08,Keyboard,Accessories,4.0,1883.0,Mumbai,Online,7532.0
20,2026-08-28,Smartphone,Electronics,2.0,58187.0,Coimbatore,Online,116374.0
21,2026-04-18,Monitor,Electronics,2.0,14278.0,Mumbai,Store,28556.0
22,2026-02-02,Headphones,Accessories,3.0,1617.0,Coimbatore,Store,4851.0
23,2026-07-02,Laptop,Electronics,2.0,60491.0,Bengaluru,Online,120982.0
24,2026-04-10,Laptop,Electronics,7.0,62380.0,Bengaluru,Online,436660.0
25,2026-09-06,Keyboard,Accessories,1.0,19507.0,Chennai,Store,19507.0
26,2026-02-19,Laptop,Electronics,3.0,49490.0,Bengaluru,Store,148470.0
27,2026-04-22,Keyboard,Accessories,1.0,3391.0,Coimbatore,Online,3391.0
28,2026-01-15,Smartphone,Electronics,5.0,23577.0,Delhi,Store,117885.0
29,2026-04-12,Laptop,Electronics,2.0,80234.0,Hyderabad,Store,160468.0
30,2026-02-05,Headphones,Accessories,5.0,6471.0,Hyderabad,Online,32355.0
31,2026-05-17,Laptop,Electronics,12.625,62848.0,Mumbai,Online,793456.0
32,2026-03-21,Laptop,Electronics,2.0,86568.0,Hyderabad,Store,173136.0
33,2026-02-23,Monitor,Electronics,8.0,11665.0,Bengaluru,Store,93320.0
34,2026-05-12,Laptop,Electronics,6.0,83175.0,Chennai,Online,499050.0
35,2026-03-08,Smartphone,Electronics,4.0,21736.0,Bengaluru,Store,86944.0
36,2026-03-26,Headphones,Accessories,1.0,4372.0,Coimbatore,Online,4372.0
37,2026-04-08,Headphones,Accessories,1.0,4770.0,Chennai,Store,4770.0
38,2026-09-11,Headphones,Accessories,6.0,3876.0,Chennai,Online,23256.0
39,2026-06-14,Tablet,Electronics,3.0,14507.0,Delhi,Store,43521.0
40,2026-09-26,Laptop,Electronics,7.0,82787.0,Delhi,Store,579509.0
41,2026-02-24,Tablet,Electronics,7.0,33639.0,Hyderabad,Store,235473.0
42,2026-07-22,Tablet,Electronics,7.0,31376.0,Mumbai,Store,219632.0
43,2026-07-26,Keyboard,Accessories,5.0,3150.0,Delhi,Store,15750.0
44,2026-08-26,Monitor,Electronics,6.0,24750.0,Coimbatore,Store,148500.0
45,2026-04-26,Monitor,Electronics,2.0,18171.0,Bengaluru,Store,36342.0
46,2026-04-23,Laptop,Electronics,1.0,61046.0,Coimbatore,Online,61046.0
47,2026-03-26,Headphones,Accessories,7.0,1873.0,Coimbatore,Store,13111.0
48,2026-09-18,Headphones,Accessories,1.0,4739.0,Delhi,Online,4739.0
49,2026-04-27,Headphones,Accessories,7.0,4888.0,Coimbatore,Online,34216.0
50,2026-04-09,Keyboard,Accessories,8.0,1434.0,Hyderabad,Online,11472.0
51,2026-02-14,Keyboard,Accessories,2.0,2051.0,Mumbai,Online,4102.0
52,2026-01-28,Tablet,Electronics,8.0,3990.0,Delhi,Online,31920.0
53,2026-04-09,Headphones,Accessories,1.0,4432.0,Mumbai,Online,4432.0
54,2026-03-20,Laptop,Electronics,7.0,67028.0,Delhi,Online,469196.0
55,2026-01-09,Headphones,Accessories,1.0,2111.0,Mumbai,Online,2111.0
56,2026-02-16,Smartphone,Electronics,8.0,37118.0,Chennai,Store,296944.0
57,2026-04-07,Laptop,Electronics,6.0,59694.0,Chennai,Store,358164.0
58,2026-05-25,Smartphone,Electronics,4.0,46035.0,Hyderabad,Store,184140.0
59,2026-07-13,Keyboard,Accessories,2.0,1010.0,Coimbatore,Store,2020.0
60,2026-01-12,Laptop,Electronics,4.0,51678.0,Delhi,Online,206712.0
61,2026-02-14,Monitor,Electronics,6.0,24062.0,Hyderabad,Online,144372.0
62,2026-07-27,Monitor,Electronics,3.0,23232.0,Coimbatore,Store,69696.0
63,2026-07-11,Tablet,Electronics,6.0,30279.0,Chennai,Online,181674.0
64,2026-05-18,Tablet,Electronics,3.0,35253.0,Chennai,Store,105759.0
65,2026-08-15,Smartphone,Electronics,2.0,62190.0,Chennai,Online,124380.0
66,2026-09-17,Tablet,Electronics,4.0,27945.0,Hyderabad,Online,111780.0
67,2026-04-04,Monitor,Electronics,6.0,16237.0,Coimbatore,Store,97422.0
68,2026-05-24,Tablet,Electronics,2.0,24133.0,Delhi,Store,48266.0
69,2026-05-01,Keyboard,Accessories,5.0,3756.0,Coimbatore,Store,18780.0
70,2026-08-04,Smartphone,Electronics,5.0,18573.0,Chennai,Store,92865.0
71,2026-08-04,Tablet,Electronics,8.0,34328.0,Chennai,Online,274624.0
72,2026-05-03,Headphones,Accessories,2.0,2242.0,Bengaluru,Online,4484.0
73,2026-08-10,Keyboard,Accessories,7.0,3916.0,Delhi,Online,27412.0
74,2026-02-06,Tablet,Electronics,1.0,18503.0,Bengaluru,Store,18503.0
75,2026-01-08,Keyboard,Accessories,2.0,4649.0,Hyderabad,Online,9298.0
76,2026-02-18,Monitor,Electronics,8.0,21930.0,Bengaluru,Store,175440.0
77,2026-02-15,Tablet,Electronics,3.0,22873.0,Coimbatore,Online,68619.0
78,2026-01-14,Monitor,Electronics,7.0,27596.0,Coimbatore,Online,193172.0
79,2026-01-25,Keyboard,Accessories,5.0,969.0,Bengaluru,Online,4845.0
80,2026-08-12,Keyboard,Accessories,8.0,4828.0,Mumbai,Online,38624.0
81,2026-07-27,Tablet,Electronics,2.0,38977.0,Delhi,Online,77954.0
82,2026-01-22,Headphones,Accessories,2.0,1949.0,Delhi,Online,3898.0
83,2026-08-25,Headphones,Accessories,1.0,6100.0,Chennai,Store,6100.0
84,2026-04-23,Tablet,Electronics,5.0,43766.0,Bengaluru,Online,218830.0
85,2026-02-21,Keyboard,Accessories,1.0,1729.0,Bengaluru,Online,1729.0
86,2026-04-15,Monitor,Electronics,5.0,23473.0,Delhi,Store,117365.0
87,2026-06-26,Headphones,Accessories,4.0,1571.0,Delhi,Online,6284.0
88,2026-08-12,Laptop,Electronics,5.0,64566.0,Hyderabad,Store,322830.0
89,2026-07-08,Keyboard,Accessories,7.0,2756.0,Mumbai,Online,19292.0
90,2026-09-19,Tablet,Electronics,8.0,21968.0,Hyderabad,Online,175744.0
91,2026-03-03,Headphones,Accessories,2.0,6918.0,Mumbai,Online,13836.0
92,2026-08-28,Tablet,Electronics,7.0,33532.0,Delhi,Online,234724.0
93,2026-02-25,Keyboard,Accessories,2.0,1540.0,Coimbatore,Online,3080.0
94,2026-06-12,Headphones,Accessories,3.0,3657.0,Mumbai,Store,10971.0
95,2026-07-20,Smartphone,Electronics,7.0,59682.0,Coimbatore,Store,417774.0
96,2026-01-26,Headphones,Accessories,3.0,4764.0,Mumbai,Online,14292.0
97,2026-07-23,Monitor,Electronics,3.0,28936.0,Hyderabad,Online,86808.0
98,2026-06-19,Tablet,Electronics,4.0,18989.0,Hyderabad,Online,75956.0
99,2026-04-20,Laptop,Electronics,7.0,62988.0,Hyderabad,Store,440916.0
100,2026-01-10,Monitor,Electronics,4.0,28560.0,Mumbai,Online,114240.0
101,2026-04-05,Keyboard,Accessories,6.0,4203.0,Delhi,Online,25218.0
102,2026-08-03,Keyboard,Accessories,5.0,3574.0,Bengaluru,Store,17870.0
103,2026-09-04,Monitor,Electronics,7.0,16665.0,Mumbai,Online,116655.0
104,2026-01-20,Monitor,Electronics,5.0,23449.0,Delhi,Online,117245.0
105,2026-07-04,Keyboard,Accessories,4.0,3275.0,Bengaluru,Online,13100.0
106,2026-08-12,Laptop,Electronics,5.0,77284.0,Coimbatore,Store,386420.0
107,2026-01-23,Headphones,Accessories,3.0,5008.0,Hyderabad,Store,15024.0
108,2026-06-02,Headphones,Accessories,8.0,6617.0,Mumbai,Online,52936.0
109,2026-06-08,Smartphone,Electronics,2.0,21007.0,Bengaluru,Store,42014.0
110,2026-01-09,Smartphone,Electronics,2.0,28576.0,Bengaluru,Store,57152.0
111,2026-04-19,Keyboard,Accessories,5.0,921.0,Hyderabad,Online,4605.0
112,2026-08-15,Smartphone,Electronics,5.0,91279.5,Hyderabad,Store,456397.5
113,2026-09-10,Keyboard,Accessories,2.0,1155.0,Mumbai,Online,2310.0
114,2026-02-11,Laptop,Electronics,8.0,71320.0,Delhi,Store,570560.0
115,2026-09-20,Laptop,Electronics,3.0,63023.0,Mumbai,Online,189069.0
116,2026-07-11,Monitor,Electronics,2.0,15487.0,Mumbai,Online,30974.0
117,2026-03-22,Headphones,Accessories,2.0,6448.0,Mumbai,Online,12896.0
118,2026-01-19,Laptop,Electronics,2.0,51109.0,Delhi,Store,102218.0
119,2026-05-12,Tablet,Electronics,2.0,39717.0,Chennai,Store,79434.0
120,2026-09-12,Keyboard,Accessories,4.0,1686.0,Chennai,Online,6744.0
121,2026-03-09,Keyboard,Accessories,4.0,2990.0,Coimbatore,Online,11960.0
122,2026-03-24,Tablet,Electronics,6.0,21388.0,Coimbatore,Online,128328.0
123,2026-05-24,Laptop,Electronics,4.0,69654.0,Hyderabad,Store,278616.0
124,2026-05-15,Keyboard,Accessories,2.0,1207.0,Coimbatore,Online,2414.0
125,2026-07-04,Headphones,Accessories,8.0,5197.0,Hyderabad,Store,41576.0
126,2026-04-10,Headphones,Accessories,5.0,5909.0,Bengaluru,Store,29545.0
127,2026-03-13,Tablet,Electronics,5.0,12506.0,Delhi,Online,62530.0
128,2026-02-28,Keyboard,Accessories,6.0,953.0,Hyderabad,Store,5718.0
129,2026-06-06,Headphones,Accessories,7.0,1943.0,Delhi,Online,13601.0
130,2026-07-17,Monitor,Electronics,6.0,27296.0,Chennai,Online,163776.0
131,2026-02-17,Tablet,Electronics,6.0,23018.0,Delhi,Store,138108.0
132,2026-04-06,Tablet,Electronics,6.0,27484.0,Delhi,Store,164904.0
133,2026-06-28,Monitor,Electronics,2.0,26497.0,Coimbatore,Online,52994.0
134,2026-01-12,Smartphone,Electronics,8.0,45731.0,Delhi,Online,365848.0
135,2026-02-20,Tablet,Electronics,8.0,15728.0,Delhi,Store,125824.0
136,2026-08-17,Headphones,Accessories,8.0,4684.0,Bengaluru,Online,37472.0
137,2026-04-23,Headphones,Accessories,2.0,5133.0,Mumbai,Online,10266.0
138,2026-01-26,Keyboard,Accessories,3.0,4148.0,Coimbatore,Online,12444.0
139,2026-03-11,Laptop,Electronics,6.0,51193.0,Chennai,Store,307158.0
140,2026-09-13,Monitor,Electronics,3.0,18144.0,Coimbatore,Online,54432.0
141,2026-06-10,Smartphone,Electronics,2.0,58939.0,Bengaluru,Store,117878.0
142,2026-02-17,Tablet,Electronics,8.0,21015.0,Delhi,Store,168120.0
143,2026-03-24,Laptop,Electronics,6.0,85503.0,Mumbai,Online,513018.0
144,2026-04-18,Headphones,Accessories,6.0,4638.0,Bengaluru,Online,27828.0
145,2026-09-17,Headphones,Accessories,4.0,4782.0,Mumbai,Store,19128.0
146,2026-02-10,Smartphone,Electronics,3.0,18419.0,Chennai,Store,55257.0
147,2026-06-01,Tablet,Electronics,8.0,40670.0,Mumbai,Online,325360.0
148,2026-06-04,Headphones,Accessories,6.0,4071.0,Coimbatore,Online,24426.0
149,2026-08-20,Smartphone,Electronics,3.0,33800.0,Chennai,Online,101400.0
150,2026-05-04,Laptop,Electronics,5.0,59133.0,Chennai,Store,295665.0
151,2026-09-19,Headphones,Accessories,8.0,5888.0,Bengaluru,Store,47104.0
152,2026-02-17,Tablet,Electronics,7.0,35122.0,Hyderabad,Online,245854.0
153,2026-05-24,Keyboard,Accessories,1.0,3969.0,Chennai,Online,3969.0
154,2026-01-12,Laptop,Electronics,6.0,60802.0,Delhi,Online,364812.0
155,2026-02-23,Monitor,Electronics,3.0,12418.0,Mumbai,Online,37254.0
156,2026-07-27,Tablet,Electronics,4.0,14746.0,Delhi,Online,58984.0
157,2026-06-09,Tablet,Electronics,1.0,30750.0,Chennai,Online,30750.0
158,2026-06-26,Headphones,Accessories,7.0,2530.0,Delhi,Online,17710.0
159,2026-02-03,Laptop,Electronics,7.0,50172.0,Hyderabad,Online,351204.0
160,2026-08-02,Tablet,Electronics,8.0,39925.0,Coimbatore,Online,319400.0
161,2026-09-26,Keyboard,Accessories,7.0,4127.0,Coimbatore,Store,28889.0
162,2026-04-25,Laptop,Electronics,3.0,84817.0,Coimbatore,Online,254451.0
163,2026-06-15,Tablet,Electronics,7.0,22055.0,Chennai,Store,154385.0
164,2026-03-16,Smartphone,Electronics,6.0,35603.0,Delhi,Online,213618.0
165,2026-04-04,Keyboard,Accessories,2.0,3139.0,Bengaluru,Online,6278.0
166,2026-09-18,Headphones,Accessories,3.0,6470.0,Hyderabad,Online,19410.0
167,2026-04-26,Smartphone,Electronics,3.0,48341.0,Mumbai,Online,145023.0
168,2026-05-13,Tablet,Electronics,6.0,20504.0,Coimbatore,Online,123024.0
169,2026-02-15,Keyboard,Accessories,7.0,3397.0,Mumbai,Store,23779.0
170,2026-01-27,Tablet,Electronics,3.0,23925.0,Chennai,Store,71775.0
171,2026-09-10,Smartphone,Electronics,5.0,25614.0,Chennai,Online,128070.0
172,2026-03-19,Smartphone,Electronics,5.0,55961.0,Delhi,Store,279805.0
173,2026-05-21,Smartphone,Electronics,6.0,17699.0,Bengaluru,Store,106194.0
174,2026-04-26,Headphones,Accessories,1.0,6258.0,Coimbatore,Online,6258.0
175,2026-08-15,Tablet,Electronics,8.0,15926.0,Bengaluru,Online,127408.0
176,2026-06-17,Keyboard,Accessories,3.0,4066.0,Delhi,Online,12198.0
177,2026-02-02,Tablet,Electronics,4.0,29529.0,Hyderabad,Online,118116.0
178,2026-03-16,Keyboard,Accessories,7.0,3361.0,Delhi,Online,23527.0
179,2026-04-07,Headphones,Accessories,5.0,4221.0,Delhi,Online,21105.0
180,2026-07-05,Laptop,Electronics,1.0,63438.0,Hyderabad,Online,63438.0
