,count,unique,top,freq,mean,min,25%,50%,75%,max,std
Order_ID,180.0,,,,90.5,1.0,45.75,90.5,135.25,180.0,52.10566188045211
Date,180,,,,2026-05-11 06:24:00,2026-01-08 00:00:00,2026-02-28 00:00:00,2026-04-27 00:00:00,2026-07-20 12:00:00,2026-09-26 00:00:00,
Product,180,6,Tablet,37,,,,,,,
Category,180,2,Electronics,113,,,,,,,
Quantity,180.0,,,,4.5368055555555555,1.0,2.0,5.0,6.25,12.625,2.326098933170371
Unit_Price,180.0,,,,25684.69722222222,921.0,4417.0,19507.0,39162.0,91279.5,24150.235206501027
City,180,6,Delhi,35,,,,,,,
Sales_Channel,180,2,Online,106,,,,,,,
Revenue,180.0,,,,122593.40833333334,1729.0,18344.75,68525.5,173712.0,793456.0,142079.39216723258
